{"name":"74ec4f0d-938f-4808-8dea-5cff6d71a48e","id":"/providers/Microsoft.Flow/flows/74ec4f0d-938f-4808-8dea-5cff6d71a48e","type":"Microsoft.Flow/flows","properties":{"apiId":"/providers/Microsoft.PowerApps/apis/shared_logicflows","displayName":"Emergency Button Flow","definition":{"metadata":{"workflowEntityId":null,"flowclientsuspensionreason":"None","flowclientsuspensiontime":null,"creator":{"id":"3ce3d1e8-d192-4845-a4be-48dcf275f082","type":"User","tenantId":"88225cc4-4cac-4a48-9a06-c0731c87c527"},"provisioningMethod":"FromDefinition","failureAlertSubscription":true,"clientLastModifiedTime":"2020-12-21T16:54:47.9541009Z"},"$schema":"https://schema.management.azure.com/providers/Microsoft.Logic/schemas/2016-06-01/workflowdefinition.json#","contentVersion":"1.0.0.0","parameters":{"$connections":{"defaultValue":{},"type":"Object"},"$authentication":{"defaultValue":{},"type":"SecureObject"}},"triggers":{"manual":{"type":"Request","kind":"PowerApp","inputs":{"schema":{"type":"object","properties":{"Createitem_RequestTime":{"type":"string","format":"date-time","x-ms-powerflows-param-ispartial":false},"Createitem_Category":{"type":"string","x-ms-powerflows-param-ispartial":false},"Createitem_Initiator":{"type":"string","x-ms-powerflows-param-ispartial":false}},"required":["Createitem_RequestTime","Createitem_Category","Createitem_Initiator"]}}}},"actions":{"Create_item":{"runAfter":{"SharePoint_List_ID":["Succeeded"]},"type":"OpenApiConnection","inputs":{"host":{"apiId":"/providers/Microsoft.PowerApps/apis/shared_sharepointonline","connectionName":"shared_sharepointonline","operationId":"PostItem"},"parameters":{"dataset":"@variables('SharePoint URL')","table":"@variables('SharePoint List ID')","item":{"Title":"Support Request","Category":"@{triggerBody()['Createitem_Category']}","Status":"Requested","RequestTime":"@{triggerBody()['Createitem_RequestTime']}","initiator":"@{triggerBody()['Createitem_Initiator']}"}},"authentication":{"value":"@json(decodeBase64(triggerOutputs().headers['X-MS-APIM-Tokens']))['$ConnectionKey']","type":"Raw"}}},"Do_until":{"actions":{"Condition_2":{"actions":{"Post_a_message_as_the_Flow_bot_to_a_channel":{"runAfter":{},"type":"OpenApiConnection","inputs":{"host":{"apiId":"/providers/Microsoft.PowerApps/apis/shared_teams","connectionName":"shared_teams","operationId":"PostChannelNotification"},"parameters":{"groupId":"@variables('Teams ID')","PostNotificationRequest/recipient/channelId":"@variables('Channel ID')","PostNotificationRequest/messageBody":"There is a @{outputs('Create_item')?['body/Category']} request waiting from @{outputs('Create_item')?['body/Author/DisplayName']} sent at @{formatDateTime(outputs('Create_item')?['body/RequestTime'],'HH:mm')}.\nThis is reminder number @{variables('Loop Count')}","PostNotificationRequest/messageTitle":"Request reminder #@{variables('Loop Count')}"},"authentication":{"value":"@json(decodeBase64(triggerOutputs().headers['X-MS-APIM-Tokens']))['$ConnectionKey']","type":"Raw"}}},"Delay":{"runAfter":{"Post_a_message_as_the_Flow_bot_to_a_channel":["Succeeded"]},"type":"Wait","inputs":{"interval":{"count":"@variables('Reminder time in seconds')","unit":"Second"}}},"Increment_variable":{"runAfter":{"Delay":["Succeeded"]},"type":"IncrementVariable","inputs":{"name":"Loop Count","value":1}}},"runAfter":{},"expression":{"equals":["@variables('Answered')",false]},"type":"If"}},"runAfter":{"Initial_delay":["Succeeded"]},"expression":"@greater(variables('Loop Count'), variables('Maximum reminders'))","limit":{"count":60,"timeout":"PT1H"},"type":"Until"},"Initialize_variable_attempt":{"runAfter":{"Answered":["Succeeded"]},"type":"InitializeVariable","inputs":{"variables":[{"name":"Loop Count","type":"integer","value":1}]}},"Post_an_Adaptive_Card_to_a_Teams_channel_and_wait_for_a_response":{"runAfter":{"Create_item":["Succeeded"]},"type":"OpenApiConnectionWebhook","inputs":{"host":{"apiId":"/providers/Microsoft.PowerApps/apis/shared_teams","connectionName":"shared_teams","operationId":"SubscribeChannelFlowContinuation"},"parameters":{"groupId":"@variables('Teams ID')","ChannelFlowContinuationSubscriptionRequest/body/recipient/channelId":"@variables('Channel ID')","ChannelFlowContinuationSubscriptionRequest/body/messageBody":"{\"$schema\":\"http://adaptivecards.io/schemas/adaptive-card.json\",\"type\":\"AdaptiveCard\",\"version\":\"1.2\",\"body\":[{\"type\":\"Image\",\"url\":\"https://petalstraining.net/wp-content/uploads/2020/07/NHS.png\",\"size\":\"Medium\"},{\"text\":\"Urgent {$root.Category} Support Request\",\"type\":\"TextBlock\",\"color\":\"Attention\",\"weight\":\"Bolder\",\"size\":\"Large\"},{\"facts\":[{\"title\":\"Requestor\",\"value\":\"{$root.Requestor}\"}],\"type\":\"FactSet\"},{\"type\":\"ActionSet\",\"actions\":[{\"title\":\"I can attend\",\"type\":\"Action.Submit\"}]}],\"-ms-tokens\":{\"Requestor\":\"@{outputs('Create_item')?['body/Author/Email']}\",\"Category\":\"@{outputs('Create_item')?['body/Category']}\"}}","ChannelFlowContinuationSubscriptionRequest/body/updateMessage":"This message has been actioned.","ChannelFlowContinuationSubscriptionRequest/body/shouldUpdateCard":true},"authentication":{"value":"@json(decodeBase64(triggerOutputs().headers['X-MS-APIM-Tokens']))['$ConnectionKey']","type":"Raw"}}},"Email_of_responder":{"runAfter":{"Post_an_Adaptive_Card_to_a_Teams_channel_and_wait_for_a_response":["Succeeded"]},"type":"Compose","inputs":"@outputs('Post_an_Adaptive_Card_to_a_Teams_channel_and_wait_for_a_response')?['body/responder/email']"},"Update_item":{"runAfter":{"Stop_reminders":["Succeeded"]},"type":"OpenApiConnection","inputs":{"host":{"apiId":"/providers/Microsoft.PowerApps/apis/shared_sharepointonline","connectionName":"shared_sharepointonline","operationId":"PatchItem"},"parameters":{"dataset":"@variables('SharePoint URL')","table":"@variables('SharePoint List ID')","id":"@outputs('Create_item')?['body/ID']","item":{"Title":"Support Request","Status":"Accepted","AcceptedTime":"@{outputs('Post_an_Adaptive_Card_to_a_Teams_channel_and_wait_for_a_response')?['body/responseTime']}","ResponderID":"@{outputs('Email_of_responder')}"}},"authentication":{"value":"@json(decodeBase64(triggerOutputs().headers['X-MS-APIM-Tokens']))['$ConnectionKey']","type":"Raw"}}},"Reminder_time_in_seconds":{"runAfter":{},"type":"InitializeVariable","inputs":{"variables":[{"name":"Reminder time in seconds","type":"integer","value":10}]}},"Maximum_reminders":{"runAfter":{"Reminder_time_in_seconds":["Succeeded"]},"type":"InitializeVariable","inputs":{"variables":[{"name":"Maximum reminders","type":"integer","value":3}]}},"Initial_delay":{"runAfter":{"Create_item":["Succeeded"]},"type":"Wait","inputs":{"interval":{"count":"@variables('Reminder time in seconds')","unit":"Second"}}},"Stop_reminders":{"runAfter":{"Set_variable":["Succeeded"]},"type":"SetVariable","inputs":{"name":"Loop Count","value":"@add(variables('Maximum reminders'),1)"}},"Answered":{"runAfter":{"Maximum_reminders":["Succeeded"]},"type":"InitializeVariable","inputs":{"variables":[{"name":"Answered","type":"boolean","value":false}]}},"Set_variable":{"runAfter":{"Email_of_responder":["Succeeded"]},"type":"SetVariable","inputs":{"name":"Answered","value":true}},"Condition":{"actions":{"Update_item_2":{"runAfter":{},"type":"OpenApiConnection","inputs":{"host":{"apiId":"/providers/Microsoft.PowerApps/apis/shared_sharepointonline","connectionName":"shared_sharepointonline","operationId":"PatchItem"},"parameters":{"dataset":"@variables('SharePoint URL')","table":"@variables('SharePoint List ID')","id":"@outputs('Create_item')?['body/ID']","item":{"Title":"Support Request","Status":"Unanswered"}},"authentication":{"value":"@json(decodeBase64(triggerOutputs().headers['X-MS-APIM-Tokens']))['$ConnectionKey']","type":"Raw"}}},"Terminate":{"runAfter":{"Post_a_message_as_the_Flow_bot_to_a_channel_(unanswered)":["Succeeded"]},"type":"Terminate","inputs":{"runStatus":"Succeeded"}},"Post_a_message_as_the_Flow_bot_to_the_Initiator_(unanswered)":{"runAfter":{"Update_item_2":["Succeeded"]},"type":"OpenApiConnection","inputs":{"host":{"apiId":"/providers/Microsoft.PowerApps/apis/shared_teams","connectionName":"shared_teams","operationId":"PostUserNotification"},"parameters":{"PostNotificationRequest/recipient/to":"@{outputs('Update_item_2')?['body/Author/Email']};","PostNotificationRequest/messageBody":"<at>@{outputs('Update_item_2')?['body/Author/Email']}</at> if you still need assistance please make another request. ","PostNotificationRequest/messageTitle":"Your request has gone unanswered."},"authentication":{"value":"@json(decodeBase64(triggerOutputs().headers['X-MS-APIM-Tokens']))['$ConnectionKey']","type":"Raw"}}},"Post_a_message_as_the_Flow_bot_to_a_channel_(unanswered)":{"runAfter":{"Post_a_message_as_the_Flow_bot_to_the_Initiator_(unanswered)":["Succeeded"]},"type":"OpenApiConnection","inputs":{"host":{"apiId":"/providers/Microsoft.PowerApps/apis/shared_teams","connectionName":"shared_teams","operationId":"PostChannelNotification"},"parameters":{"groupId":"@variables('Teams ID')","PostNotificationRequest/recipient/channelId":"@variables('Channel ID')","PostNotificationRequest/messageBody":"<b>@{outputs('Update_item_2')?['body/Author/DisplayName']}'s @{outputs('Create_item')?['body/Category']} request went: </b> <p style=\"color:red;\"><b> Unanswered!</b></p><b>They will recieve an automated message informing them. They will submit another request if they still require assistance.</b>\n<p><i>The button above for this request will no longer work.</i></p>","PostNotificationRequest/messageTitle":"@{outputs('Update_item_2')?['body/Author/DisplayName']} went unanswered!"},"authentication":{"value":"@json(decodeBase64(triggerOutputs().headers['X-MS-APIM-Tokens']))['$ConnectionKey']","type":"Raw"}}}},"runAfter":{"Do_until":["Succeeded"]},"expression":{"equals":["@variables('Answered')",false]},"type":"If"},"Post_a_message_as_the_Flow_bot_to_the_Initiator":{"runAfter":{"Update_item":["Succeeded"]},"type":"OpenApiConnection","inputs":{"host":{"apiId":"/providers/Microsoft.PowerApps/apis/shared_teams","connectionName":"shared_teams","operationId":"PostUserNotification"},"parameters":{"PostNotificationRequest/recipient/to":"@{outputs('Update_item')?['body/Author/Email']};","PostNotificationRequest/messageBody":"<at>@{outputs('Update_item')?['body/Author/Email']}</at>, <at>@{outputs('Email_of_responder')}</at> will be in contact as soon as possible.","PostNotificationRequest/messageTitle":"Your assigned lead!"},"authentication":{"value":"@json(decodeBase64(triggerOutputs().headers['X-MS-APIM-Tokens']))['$ConnectionKey']","type":"Raw"}}},"Post_a_message_as_the_Flow_bot_call_handler":{"runAfter":{"Post_a_message_as_the_Flow_bot_to_the_Initiator":["Succeeded"]},"type":"OpenApiConnection","inputs":{"host":{"apiId":"/providers/Microsoft.PowerApps/apis/shared_teams","connectionName":"shared_teams","operationId":"PostUserNotification"},"parameters":{"PostNotificationRequest/recipient/to":"@{outputs('Email_of_responder')};","PostNotificationRequest/messageBody":"<at>@{outputs('Email_of_responder')}</at> - Message or call by clicking on <at>@{outputs('Update_item')?['body/Author/Email']}</at>'s name.","PostNotificationRequest/messageTitle":"@{outputs('Update_item')?['body/Author/DisplayName']} needs you!"},"authentication":{"value":"@json(decodeBase64(triggerOutputs().headers['X-MS-APIM-Tokens']))['$ConnectionKey']","type":"Raw"}}},"Post_a_message_as_the_Flow_bot_to_a_channel_confirming_actioned":{"runAfter":{"Get_user_profile_(V2)":["Succeeded"]},"type":"OpenApiConnection","inputs":{"host":{"apiId":"/providers/Microsoft.PowerApps/apis/shared_teams","connectionName":"shared_teams","operationId":"PostChannelNotification"},"parameters":{"groupId":"@variables('Teams ID')","PostNotificationRequest/recipient/channelId":"@variables('Channel ID')","PostNotificationRequest/messageBody":"<b>The @{outputs('Create_item')?['body/Category']} request from @{outputs('Update_item')?['body/Author/DisplayName']} was: </b><p style=\"color:green;\"><b>Actioned</b></p><b> By @{outputs('Get_user_profile_(V2)')?['body/displayName']} at @{formatDateTime(outputs('Update_item')?['body/AcceptedTime'],'HH:mm')}.</b>\n"},"authentication":{"value":"@json(decodeBase64(triggerOutputs().headers['X-MS-APIM-Tokens']))['$ConnectionKey']","type":"Raw"}}},"Get_user_profile_(V2)":{"runAfter":{"Post_a_message_as_the_Flow_bot_call_handler":["Succeeded"]},"type":"OpenApiConnection","inputs":{"host":{"apiId":"/providers/Microsoft.PowerApps/apis/shared_office365users","connectionName":"shared_office365users","operationId":"UserProfile_V2"},"parameters":{"id":"@outputs('Email_of_responder')"},"authentication":{"value":"@json(decodeBase64(triggerOutputs().headers['X-MS-APIM-Tokens']))['$ConnectionKey']","type":"Raw"}}},"Teams_ID":{"runAfter":{"Initialize_variable_attempt":["Succeeded"]},"type":"InitializeVariable","inputs":{"variables":[{"name":"Teams ID","type":"string","value":"d4086660-fb34-4a39-b364-37b0234d015b"}]}},"Channel_ID":{"runAfter":{"Teams_ID":["Succeeded"]},"type":"InitializeVariable","inputs":{"variables":[{"name":"Channel ID","type":"string","value":"19%3a2edad7f593a84dc4a6c1b607a4268814%40thread.tacv2"}]}},"SharePoint_URL":{"runAfter":{"Channel_ID":["Succeeded"]},"type":"InitializeVariable","inputs":{"variables":[{"name":"SharePoint URL","type":"string","value":"https://m365x266277.sharepoint.com/sites/EmergencyButton"}]}},"SharePoint_List_ID":{"runAfter":{"SharePoint_URL":["Succeeded"]},"type":"InitializeVariable","inputs":{"variables":[{"name":"SharePoint List ID","type":"string","value":"0f0200a4-2c5e-4f28-a980-2637c2d90c6a"}]}}},"outputs":{}},"connectionReferences":{"shared_sharepointonline":{"connectionName":"ae5f9977a859404b9c5fe0b21711f672","source":"Invoker","id":"/providers/Microsoft.PowerApps/apis/shared_sharepointonline","tier":"NotSpecified"},"shared_teams":{"connectionName":"shared-teams-e00cf520-dcb7-4b05-9258-252cb19e9d5a","source":"Invoker","id":"/providers/Microsoft.PowerApps/apis/shared_teams","tier":"NotSpecified"},"shared_office365users":{"connectionName":"2b902f9d65f24eb59475b5a205335f95","source":"Invoker","id":"/providers/Microsoft.PowerApps/apis/shared_office365users","tier":"NotSpecified"}},"flowFailureAlertSubscribed":false}}