{"name":"81910706-eb55-48ff-8a0c-20e246f24a05","id":"/providers/Microsoft.Flow/flows/81910706-eb55-48ff-8a0c-20e246f24a05","type":"Microsoft.Flow/flows","properties":{"apiId":"/providers/Microsoft.PowerApps/apis/shared_logicflows","displayName":"Deploy SharePoint List","definition":{"metadata":{"workflowEntityId":null,"flowclientsuspensionreason":"None","flowclientsuspensiontime":null,"creator":{"id":"3ce3d1e8-d192-4845-a4be-48dcf275f082","type":"User","tenantId":"88225cc4-4cac-4a48-9a06-c0731c87c527"},"provisioningMethod":"FromDefinition","failureAlertSubscription":true,"clientLastModifiedTime":"2020-12-21T16:28:33.2519608Z"},"$schema":"https://schema.management.azure.com/providers/Microsoft.Logic/schemas/2016-06-01/workflowdefinition.json#","contentVersion":"1.0.0.0","parameters":{"$connections":{"defaultValue":{},"type":"Object"},"$authentication":{"defaultValue":{},"type":"SecureObject"}},"triggers":{"manual":{"type":"Request","kind":"Button","inputs":{"schema":{"type":"object","properties":{},"required":[]}}}},"actions":{"SharePoint_Site_URL_Variable":{"runAfter":{},"type":"InitializeVariable","inputs":{"variables":[{"name":"SharePoint Site","type":"string","value":"https://m365x266277.sharepoint.com/sites/EmergencyButton"}]}},"Create_SharePoint_list":{"runAfter":{"SharePoint_Site_URL_Variable":["Succeeded"]},"type":"OpenApiConnection","inputs":{"host":{"apiId":"/providers/Microsoft.PowerApps/apis/shared_sharepointonline","connectionName":"shared_sharepointonline","operationId":"HttpRequest"},"parameters":{"dataset":"@variables('SharePoint Site')","parameters/method":"POST","parameters/uri":"/_api/web/lists","parameters/headers":{"Accept":"application/json;odata=verbose","Content-Type":"application/json;odata=verbose"},"parameters/body":"{\n  \"__metadata\": {\"type\": \"SP.List\"},\n  \"AllowContentTypes\": true,\n  \"BaseTemplate\": 100,\n \"Description\": \"Admin configuration list for the Call Handler App\",\n \"Title\": \"Requests\"\n}"},"authentication":{"value":"@json(decodeBase64(triggerOutputs().headers['X-MS-APIM-Tokens']))['$ConnectionKey']","type":"Raw"}}},"Add_Fields_to_Default_View":{"actions":{"Add_Category_to_default_view":{"runAfter":{},"type":"OpenApiConnection","inputs":{"host":{"apiId":"/providers/Microsoft.PowerApps/apis/shared_sharepointonline","connectionName":"shared_sharepointonline","operationId":"HttpRequest"},"parameters":{"dataset":"@variables('SharePoint Site')","parameters/method":"POST","parameters/uri":"_api/web/lists/GetByTitle('Requests')/views/getbytitle('All Items')/ViewFields/AddViewField('Category')","parameters/headers":{"Accept":"application/json;odata=verbose","Content-Type":"application/json;odata=verbose"}},"authentication":{"value":"@json(decodeBase64(triggerOutputs().headers['X-MS-APIM-Tokens']))['$ConnectionKey']","type":"Raw"}}},"Add_Status_to_default_view_":{"runAfter":{"Add_Category_to_default_view":["Succeeded"]},"type":"OpenApiConnection","inputs":{"host":{"apiId":"/providers/Microsoft.PowerApps/apis/shared_sharepointonline","connectionName":"shared_sharepointonline","operationId":"HttpRequest"},"parameters":{"dataset":"@variables('SharePoint Site')","parameters/method":"POST","parameters/uri":"_api/web/lists/GetByTitle('Requests')/views/getbytitle('All Items')/ViewFields/AddViewField('Status')","parameters/headers":{"Accept":"application/json;odata=verbose","Content-Type":"application/json;odata=verbose"}},"authentication":{"value":"@json(decodeBase64(triggerOutputs().headers['X-MS-APIM-Tokens']))['$ConnectionKey']","type":"Raw"}}},"Add_Request_Time_to_default_view":{"runAfter":{"Add_Status_to_default_view_":["Succeeded"]},"type":"OpenApiConnection","inputs":{"host":{"apiId":"/providers/Microsoft.PowerApps/apis/shared_sharepointonline","connectionName":"shared_sharepointonline","operationId":"HttpRequest"},"parameters":{"dataset":"@variables('SharePoint Site')","parameters/method":"POST","parameters/uri":"_api/web/lists/GetByTitle('Requests')/views/getbytitle('All Items')/ViewFields/AddViewField('RequestTime')","parameters/headers":{"Accept":"application/json;odata=verbose","Content-Type":"application/json;odata=verbose"}},"authentication":{"value":"@json(decodeBase64(triggerOutputs().headers['X-MS-APIM-Tokens']))['$ConnectionKey']","type":"Raw"}}},"Add_Accepted_Time_to_default_view":{"runAfter":{"Add_Request_Time_to_default_view":["Succeeded"]},"type":"OpenApiConnection","inputs":{"host":{"apiId":"/providers/Microsoft.PowerApps/apis/shared_sharepointonline","connectionName":"shared_sharepointonline","operationId":"HttpRequest"},"parameters":{"dataset":"@variables('SharePoint Site')","parameters/method":"POST","parameters/uri":"_api/web/lists/GetByTitle('Requests')/views/getbytitle('All Items')/ViewFields/AddViewField('AcceptedTime')","parameters/headers":{"Accept":"application/json;odata=verbose","Content-Type":"application/json;odata=verbose"}},"authentication":{"value":"@json(decodeBase64(triggerOutputs().headers['X-MS-APIM-Tokens']))['$ConnectionKey']","type":"Raw"}}},"Add_Responder_ID_to_default_view":{"runAfter":{"Add_Accepted_Time_to_default_view":["Succeeded"]},"type":"OpenApiConnection","inputs":{"host":{"apiId":"/providers/Microsoft.PowerApps/apis/shared_sharepointonline","connectionName":"shared_sharepointonline","operationId":"HttpRequest"},"parameters":{"dataset":"@variables('SharePoint Site')","parameters/method":"POST","parameters/uri":"_api/web/lists/GetByTitle('Requests')/views/getbytitle('All Items')/ViewFields/AddViewField('ResponderID')","parameters/headers":{"Accept":"application/json;odata=verbose","Content-Type":"application/json;odata=verbose"}},"authentication":{"value":"@json(decodeBase64(triggerOutputs().headers['X-MS-APIM-Tokens']))['$ConnectionKey']","type":"Raw"}}},"Add_Initiator_to_default_view":{"runAfter":{"Add_Responder_ID_to_default_view":["Succeeded"]},"type":"OpenApiConnection","inputs":{"host":{"apiId":"/providers/Microsoft.PowerApps/apis/shared_sharepointonline","connectionName":"shared_sharepointonline","operationId":"HttpRequest"},"parameters":{"dataset":"@variables('SharePoint Site')","parameters/method":"POST","parameters/uri":"_api/web/lists/GetByTitle('Requests')/views/getbytitle('All Items')/ViewFields/AddViewField('initiator')","parameters/headers":{"Accept":"application/json;odata=verbose","Content-Type":"application/json;odata=verbose"}},"authentication":{"value":"@json(decodeBase64(triggerOutputs().headers['X-MS-APIM-Tokens']))['$ConnectionKey']","type":"Raw"}}}},"runAfter":{"Add_fields_to_SharePoint_list":["Succeeded"]},"type":"Scope"},"Add_fields_to_SharePoint_list":{"actions":{"Create_Category_field":{"runAfter":{},"type":"OpenApiConnection","inputs":{"host":{"apiId":"/providers/Microsoft.PowerApps/apis/shared_sharepointonline","connectionName":"shared_sharepointonline","operationId":"HttpRequest"},"parameters":{"dataset":"@variables('SharePoint Site')","parameters/method":"POST","parameters/uri":"_api/lists/getbytitle('Requests')/fields","parameters/headers":{"Accept":"application/json;odata=verbose","Content-Type":"application/json;odata=verbose"},"parameters/body":"{\n    '__metadata': {'type':'SP.FieldText', 'addToDefaultView': 'true' },\n    'FieldTypeKind': 2,\n    'Title': 'Category'\n}"},"authentication":{"value":"@json(decodeBase64(triggerOutputs().headers['X-MS-APIM-Tokens']))['$ConnectionKey']","type":"Raw"}}},"Create_Status_field":{"runAfter":{"Create_Category_field":["Succeeded"]},"type":"OpenApiConnection","inputs":{"host":{"apiId":"/providers/Microsoft.PowerApps/apis/shared_sharepointonline","connectionName":"shared_sharepointonline","operationId":"HttpRequest"},"parameters":{"dataset":"@variables('SharePoint Site')","parameters/method":"POST","parameters/uri":"_api/lists/getbytitle('Requests')/fields","parameters/headers":{"Accept":"application/json;odata=verbose","Content-Type":"application/json;odata=verbose"},"parameters/body":"{\n    '__metadata': {'type':'SP.FieldText', 'addToDefaultView': 'true' },\n    'FieldTypeKind': 2,\n    'Title': 'Status'\n}"},"authentication":{"value":"@json(decodeBase64(triggerOutputs().headers['X-MS-APIM-Tokens']))['$ConnectionKey']","type":"Raw"}}},"Create_Responder_ID_field":{"runAfter":{"Create_Status_field":["Succeeded"]},"type":"OpenApiConnection","inputs":{"host":{"apiId":"/providers/Microsoft.PowerApps/apis/shared_sharepointonline","connectionName":"shared_sharepointonline","operationId":"HttpRequest"},"parameters":{"dataset":"@variables('SharePoint Site')","parameters/method":"POST","parameters/uri":"_api/lists/getbytitle('Requests')/fields","parameters/headers":{"Accept":"application/json;odata=verbose","Content-Type":"application/json;odata=verbose"},"parameters/body":"{\n    '__metadata': {'type':'SP.FieldText', 'addToDefaultView': 'true' },\n    'FieldTypeKind': 2,\n    'Title': 'ResponderID'\n}"},"authentication":{"value":"@json(decodeBase64(triggerOutputs().headers['X-MS-APIM-Tokens']))['$ConnectionKey']","type":"Raw"}}},"Create_Initiator_field":{"runAfter":{"Create_Responder_ID_field":["Succeeded"]},"type":"OpenApiConnection","inputs":{"host":{"apiId":"/providers/Microsoft.PowerApps/apis/shared_sharepointonline","connectionName":"shared_sharepointonline","operationId":"HttpRequest"},"parameters":{"dataset":"@variables('SharePoint Site')","parameters/method":"POST","parameters/uri":"_api/lists/getbytitle('Requests')/fields","parameters/headers":{"Accept":"application/json;odata=verbose","Content-Type":"application/json;odata=verbose"},"parameters/body":"{\n    '__metadata': {'type':'SP.FieldText', 'addToDefaultView': 'true' },\n    'FieldTypeKind': 2,\n    'Title': 'initiator'\n}"},"authentication":{"value":"@json(decodeBase64(triggerOutputs().headers['X-MS-APIM-Tokens']))['$ConnectionKey']","type":"Raw"}}},"Create_Request_Time_field":{"runAfter":{"Create_Initiator_field":["Succeeded"]},"type":"OpenApiConnection","inputs":{"host":{"apiId":"/providers/Microsoft.PowerApps/apis/shared_sharepointonline","connectionName":"shared_sharepointonline","operationId":"HttpRequest"},"parameters":{"dataset":"@variables('SharePoint Site')","parameters/method":"POST","parameters/uri":"_api/lists/getbytitle('Requests')/fields","parameters/headers":{"Accept":"application/json;odata=verbose","Content-Type":"application/json;odata=verbose"},"parameters/body":"{\n    '__metadata': {'type':'SP.FieldDateTime', 'addToDefaultView': 'true' },\n    'FieldTypeKind': 4,\n    'Title': 'RequestTime',\n'DisplayFormat':1\n}"},"authentication":{"value":"@json(decodeBase64(triggerOutputs().headers['X-MS-APIM-Tokens']))['$ConnectionKey']","type":"Raw"}}},"Create_Request_Accepted_Time_field":{"runAfter":{"Create_Request_Time_field":["Succeeded"]},"type":"OpenApiConnection","inputs":{"host":{"apiId":"/providers/Microsoft.PowerApps/apis/shared_sharepointonline","connectionName":"shared_sharepointonline","operationId":"HttpRequest"},"parameters":{"dataset":"@variables('SharePoint Site')","parameters/method":"POST","parameters/uri":"_api/lists/getbytitle('Requests')/fields","parameters/headers":{"Accept":"application/json;odata=verbose","Content-Type":"application/json;odata=verbose"},"parameters/body":"{\n    '__metadata': {'type':'SP.FieldDateTime', 'addToDefaultView': 'true' },\n    'FieldTypeKind': 4,\n    'Title': 'AcceptedTime',\n    'DisplayFormat': 1\n}"},"authentication":{"value":"@json(decodeBase64(triggerOutputs().headers['X-MS-APIM-Tokens']))['$ConnectionKey']","type":"Raw"}}}},"runAfter":{"Create_SharePoint_list":["Succeeded"]},"type":"Scope"}}},"connectionReferences":{"shared_sharepointonline":{"connectionName":"ae5f9977a859404b9c5fe0b21711f672","source":"Invoker","id":"/providers/Microsoft.PowerApps/apis/shared_sharepointonline","tier":"NotSpecified"}},"flowFailureAlertSubscribed":false}}