{"schemaVersion":"1.0","appDefinitionTemplate":{"id":"/providers/Microsoft.PowerApps/apps/","type":"Microsoft.PowerApps/apps","tags":{"primaryDeviceWidth":"640","primaryDeviceHeight":"1136","sienaVersion":"20201221T165457Z-3.20114.25.0","deviceCapabilities":"","supportsPortrait":"true","supportsLandscape":"false","primaryFormFactor":"Phone","publisherVersion":"3.20114.22","minimumRequiredApiVersion":"2.2.0","hasComponent":"false","hasUnlockedComponent":"false","isUnifiedRootApp":"false"},"properties":{"appVersion":"2020-12-21T16:54:57Z","lifeCycleId":"Published","createdByClientVersion":{"major":3,"minor":20114,"build":22,"revision":0,"majorRevision":0,"minorRevision":0},"minClientVersion":{"major":3,"minor":20114,"build":22,"revision":0,"majorRevision":0,"minorRevision":0},"backgroundColor":"rgba(208, 52, 56, 1)","backgroundImageUri":"/3289674149336922111/N9626659f-bbbb-4d80-aafe-37ac4aafd5ee-N7a312383-7860-434d-937d-f9931beee934-N7d6e2110-41f6-4eb3-b7ee-1bf39e97ec02-logoSmallFile","displayName":"Emergency Button App","description":"","commitMessage":"","appUris":{"documentUri":{"value":"/3289674149336922111/Nda833d7b-8447-4de8-8ec2-dae814187940-Na555f9e3-9bd2-451a-90e5-adb3a373c843-N96850ce3-292e-4acc-a53d-52d573e8279c-document.msapp"},"imageUris":[]},"createdTime":"0001-01-01T00:00:00Z","lastModifiedTime":"0001-01-01T00:00:00Z","sharedGroupsCount":0,"sharedUsersCount":0,"icons":{"smallIconUri":"/3289674149336922111/Nc4651965-e8f3-459e-b6ff-86b4ca9cd527-Ncf8da8e4-ce1c-4cea-a8d4-b18ac3daf974-N46b9938c-a6c7-4200-9fd5-fa7d62a95206-small.png","mediumIconUri":"/3289674149336922111/N45968d2c-c91e-4b40-b0a2-dfa34465043b-N80bd5156-824d-4fde-be06-f55c3ff177e2-N74ecae72-ea25-4dc3-b4d4-e7aa34c28b49-medium.png","largeIconUri":"/3289674149336922111/N6a0a9771-fb99-4cdd-a3b1-b9b631ebc25d-N337e1662-25db-47b6-bc0a-f6f4da46ce68-N9365ae1f-7da4-4f30-8a94-1a39999e70b0-large.png","wideIconUri":"/3289674149336922111/N42acad8c-7228-4a6f-8d3f-0d1f0f46204f-N67c8dd5e-d09c-43f9-b0ab-824ca3fbc370-N2e617178-9204-4dee-888a-b005864de2a2-wide.png"},"connectionReferences":{"b7182e86-90aa-420c-98b6-a3b802a1dbb1":{"id":"565cf074-17fa-447c-a7b1-88527b2bb03e","displayName":"Logic flows","iconUri":"https://resourcestackdeploy.blob.core.windows.net/scripts/13276078.png","dataSources":["Callhandlersupportrequest"],"dependencies":["a7f830de-b538-404e-a8b9-d982a8a9c469","89b4a855-f782-4067-878f-636dd2170a5e","788a1835-474b-4e0f-9501-dcf3cd8eb58f"],"dependents":[],"parameterHints":{"workflowName":{"value":"df032e15-84cb-4c37-b6be-aede71bd9b8f"},"a7f830de-b538-404e-a8b9-d982a8a9c469":{"value":"shared_sharepointonline"},"89b4a855-f782-4067-878f-636dd2170a5e":{"value":"shared_teams"},"788a1835-474b-4e0f-9501-dcf3cd8eb58f":{"value":"shared_office365users"}},"isOnPremiseConnection":false,"bypassConsent":false,"dataSets":{},"apiTier":"Standard","isCustomApiConnection":false,"actions":["Run"]},"a7f830de-b538-404e-a8b9-d982a8a9c469":{"id":"5caf6552-1ffc-4675-bf92-129aa37e9262","displayName":"SharePoint","iconUri":"https://connectoricons-prod.azureedge.net/releases/v1.0.1426/1.0.1426.2268/sharepointonline/icon.png","dataSources":[],"dependencies":[],"dependents":["b7182e86-90aa-420c-98b6-a3b802a1dbb1"],"parameterHints":{},"isOnPremiseConnection":false,"bypassConsent":false,"dataSets":{},"apiTier":"Standard","isCustomApiConnection":false},"89b4a855-f782-4067-878f-636dd2170a5e":{"id":"1685ea72-0f49-4749-bf2e-b0b3823e57b7","displayName":"Microsoft Teams","iconUri":"https://connectoricons-prod.azureedge.net/releases/v1.0.1425/1.0.1425.2266/teams/icon.png","dataSources":[],"dependencies":[],"dependents":["b7182e86-90aa-420c-98b6-a3b802a1dbb1"],"parameterHints":{},"isOnPremiseConnection":false,"bypassConsent":false,"dataSets":{},"apiTier":"Standard","isCustomApiConnection":false},"788a1835-474b-4e0f-9501-dcf3cd8eb58f":{"id":"8609e7fc-fdfb-48bc-84a1-1a634d39857f","displayName":"Office 365 Users","iconUri":"https://connectoricons-prod.azureedge.net/releases/v1.0.1411/1.0.1411.2206/office365users/icon.png","dataSources":["Office365Users"],"dependencies":[],"dependents":["b7182e86-90aa-420c-98b6-a3b802a1dbb1"],"parameterHints":{},"isOnPremiseConnection":false,"bypassConsent":false,"dataSets":{},"apiTier":"Standard","isCustomApiConnection":false,"actions":["UserPhotoV2"]}},"databaseReferences":{},"almMode":"Environment","performanceOptimizationEnabled":true,"canConsumeAppPass":true,"executionRestrictions":{"isTeamsOnly":false,"dataLossPreventionEvaluationResult":{"status":"Compliant","lastEvaluationDate":"2020-12-17T11:53:38.5077354Z","violationDetails":[]}}},"isAppComponentLibrary":false,"appType":"ClassicCanvasApp","appComponents":[]}}