{"schemaVersion":"1.0","appDefinitionTemplate":{"id":"/providers/Microsoft.PowerApps/apps/","type":"Microsoft.PowerApps/apps","tags":{"primaryDeviceWidth":"640","primaryDeviceHeight":"1136","sienaVersion":"20210201T002019Z-3.21013.19.0","deviceCapabilities":"","supportsPortrait":"true","supportsLandscape":"false","primaryFormFactor":"Phone","publisherVersion":"3.21013.19","minimumRequiredApiVersion":"2.2.0","hasComponent":"false","hasUnlockedComponent":"false","isUnifiedRootApp":"false"},"properties":{"appVersion":"2021-02-01T00:20:19Z","lifeCycleId":"Published","createdByClientVersion":{"major":3,"minor":21013,"build":19,"revision":0,"majorRevision":0,"minorRevision":0},"minClientVersion":{"major":3,"minor":21013,"build":19,"revision":0,"majorRevision":0,"minorRevision":0},"backgroundColor":"rgba(208, 52, 56, 1)","backgroundImageUri":"/3406354024386409481/Na64888f1-618b-423a-9408-b86e175c67a8-logoSmallFile","displayName":"Get Support","description":"This app is used to request support from a supervisor.","commitMessage":"","appUris":{"documentUri":{"value":"/3406354024386409481/Nc461f263-dede-4f4e-a5ca-3c4b33d40cb8-document.msapp"},"imageUris":[]},"createdTime":"0001-01-01T00:00:00Z","lastModifiedTime":"0001-01-01T00:00:00Z","sharedGroupsCount":0,"sharedUsersCount":0,"icons":{"smallIconUri":"/3406354024386409481/N8aba7947-f8eb-4a1c-ab58-5a0ecdcac048-small.png","mediumIconUri":"/3406354024386409481/N23c952f4-86c1-43c8-829b-773e328971d5-medium.png","largeIconUri":"/3406354024386409481/Ne81463c8-5446-42c1-a8ba-7e76c21087f8-large.png","wideIconUri":"/3406354024386409481/Ndfae434f-c125-43a9-adc7-526679661483-wide.png"},"connectionReferences":{"788a1835-474b-4e0f-9501-dcf3cd8eb58f":{"id":"9457dbc0-9b9e-4171-9d89-12a0890623c3","displayName":"Office 365 Users","iconUri":"https://connectoricons-prod.azureedge.net/releases/v1.0.1430/1.0.1430.2296/office365users/icon.png","dataSources":["Office365Users"],"dependencies":[],"dependents":["8bd1937b-3876-4a53-8348-80ad0d67b385"],"parameterHints":{},"isOnPremiseConnection":false,"bypassConsent":false,"dataSets":{},"apiTier":"Standard","isCustomApiConnection":false,"actions":["UserPhotoV2"]},"8bd1937b-3876-4a53-8348-80ad0d67b385":{"id":"de185119-b22f-4505-ba6e-dacc1d0a835c","displayName":"Logic flows","iconUri":"https://resourcestackdeploy.blob.core.windows.net/scripts/13276078.png","dataSources":["EmergencyButtonFlow"],"dependencies":["9e6f4d47-c640-4b94-a67e-904b96d8c306","cc7a37ae-e8f8-472b-b638-bfdcf6f241a1","788a1835-474b-4e0f-9501-dcf3cd8eb58f"],"dependents":[],"parameterHints":{"workflowName":{"value":"30f67c15-ff8f-40bb-9713-56837adff60f"},"9e6f4d47-c640-4b94-a67e-904b96d8c306":{"value":"shared_sharepointonline_1"},"cc7a37ae-e8f8-472b-b638-bfdcf6f241a1":{"value":"shared_teams"},"788a1835-474b-4e0f-9501-dcf3cd8eb58f":{"value":"shared_office365users"}},"isOnPremiseConnection":false,"bypassConsent":false,"dataSets":{},"apiTier":"Standard","isCustomApiConnection":false,"actions":["Run"]},"9e6f4d47-c640-4b94-a67e-904b96d8c306":{"id":"75168204-5067-46cd-877a-05e3db66ba6e","displayName":"SharePoint","iconUri":"https://connectoricons-prod.azureedge.net/releases/v1.0.1431/1.0.1431.2301/sharepointonline/icon.png","dataSources":[],"dependencies":[],"dependents":["8bd1937b-3876-4a53-8348-80ad0d67b385","9e818fd3-515f-4491-b2ac-bbc6c7454b5f"],"parameterHints":{},"isOnPremiseConnection":false,"bypassConsent":false,"dataSets":{},"apiTier":"Standard","isCustomApiConnection":false},"cc7a37ae-e8f8-472b-b638-bfdcf6f241a1":{"id":"2ec4a5c6-6eff-48ba-b6ca-a4b9fd467603","displayName":"Microsoft Teams","iconUri":"https://connectoricons-prod.azureedge.net/releases/v1.0.1425/1.0.1425.2266/teams/icon.png","dataSources":[],"dependencies":[],"dependents":["8bd1937b-3876-4a53-8348-80ad0d67b385","9e818fd3-515f-4491-b2ac-bbc6c7454b5f"],"parameterHints":{},"isOnPremiseConnection":false,"bypassConsent":false,"dataSets":{},"apiTier":"Standard","isCustomApiConnection":false},"9e818fd3-515f-4491-b2ac-bbc6c7454b5f":{"id":"de185119-b22f-4505-ba6e-dacc1d0a835c","displayName":"Logic flows","iconUri":"https://resourcestackdeploy.blob.core.windows.net/scripts/13276078.png","dataSources":["UpdateSharePointItem"],"dependencies":["9e6f4d47-c640-4b94-a67e-904b96d8c306","cc7a37ae-e8f8-472b-b638-bfdcf6f241a1"],"dependents":[],"parameterHints":{"workflowName":{"value":"daf58dcc-7273-4e24-9f89-06812339c132"},"9e6f4d47-c640-4b94-a67e-904b96d8c306":{"value":"shared_sharepointonline"},"cc7a37ae-e8f8-472b-b638-bfdcf6f241a1":{"value":"shared_teams"}},"isOnPremiseConnection":false,"bypassConsent":false,"dataSets":{},"apiTier":"Standard","isCustomApiConnection":false,"actions":["Run"]}},"databaseReferences":{},"almMode":"Environment","performanceOptimizationEnabled":true,"canConsumeAppPass":true,"executionRestrictions":{"isTeamsOnly":false,"dataLossPreventionEvaluationResult":{"status":"Compliant","lastEvaluationDate":"2020-12-17T11:53:38.5077354Z","violationDetails":[]}}},"isAppComponentLibrary":false,"appType":"ClassicCanvasApp","appComponents":[]}}