{"name":"854cfb8e-03e1-4d19-a54f-31178c94dbf2","id":"/providers/Microsoft.Flow/flows/854cfb8e-03e1-4d19-a54f-31178c94dbf2","type":"Microsoft.Flow/flows","properties":{"apiId":"/providers/Microsoft.PowerApps/apis/shared_logicflows","displayName":"Update SharePoint Item","definition":{"metadata":{"workflowEntityId":null,"flowclientsuspensionreason":"None","flowclientsuspensiontime":null,"creator":{"id":"b6dea018-1064-47c6-8675-d78e6d6e1f99","type":"User","tenantId":"f1fea39c-7316-4371-90d9-223bf6f8551a"},"provisioningMethod":"FromDefinition","failureAlertSubscription":true,"clientLastModifiedTime":"2021-01-31T21:11:15.4223459Z"},"$schema":"https://schema.management.azure.com/providers/Microsoft.Logic/schemas/2016-06-01/workflowdefinition.json#","contentVersion":"1.0.0.0","parameters":{"$connections":{"defaultValue":{},"type":"Object"},"$authentication":{"defaultValue":{},"type":"SecureObject"}},"triggers":{"manual":{"type":"Request","kind":"PowerApp","inputs":{"schema":{"type":"object","properties":{"SPRequestID_Value":{"type":"integer","description":"Enter initial value","x-ms-powerflows-param-ispartial":false},"Initializevariable_Value":{"type":"any"}},"required":["SPRequestID_Value","Initializevariable_Value"]}}}},"actions":{"Teams_ID":{"runAfter":{},"type":"InitializeVariable","inputs":{"variables":[{"name":"Teams ID","type":"string","value":"08e54305-a0c7-4fb8-bd25-e1ba2907c5ae"}]}},"Channel_ID":{"runAfter":{"Teams_ID":["Succeeded"]},"type":"InitializeVariable","inputs":{"variables":[{"name":"Channel ID","type":"string","value":"19%3a0f9e2cf93a2042e494c0872fdad80b18%40thread.tacv2"}]}},"SharePoint_URL":{"runAfter":{"Channel_ID":["Succeeded"]},"type":"InitializeVariable","inputs":{"variables":[{"name":"SharePoint URL","type":"string","value":"https://m365x145222.sharepoint.com/sites/GetSupportApp"}]}},"SharePoint_List_ID":{"runAfter":{"SharePoint_URL":["Succeeded"]},"type":"InitializeVariable","inputs":{"variables":[{"name":"SharePoint List ID","type":"string","value":"1c50fc9d-424d-4795-b230-23acd298f37d"}]}},"SPRequestID":{"runAfter":{"SharePoint_List_ID":["Succeeded"]},"type":"InitializeVariable","inputs":{"variables":[{"name":"SPRequestID","type":"integer","value":"@triggerBody()['SPRequestID_Value']"}]}},"Get_item":{"runAfter":{"Update_from_PowerApps":["Succeeded"]},"type":"OpenApiConnection","inputs":{"host":{"apiId":"/providers/Microsoft.PowerApps/apis/shared_sharepointonline","connectionName":"shared_sharepointonline","operationId":"GetItem"},"parameters":{"dataset":"@variables('SharePoint URL')","table":"@variables('SharePoint List ID')","id":"@variables('SPRequestID')"},"authentication":{"value":"@json(decodeBase64(triggerOutputs().headers['X-MS-APIM-Tokens']))['$ConnectionKey']","type":"Raw"}}},"Update_CallNotes":{"runAfter":{"Get_item":["Succeeded"]},"type":"InitializeVariable","inputs":{"variables":[{"name":"CallNotes","type":"string","value":"@{concat('[',utcNow(),'] ',variables('Update from PowerApps'),'  ',outputs('Get_item')?['body/CallNotes'])}"}]}},"Update_from_PowerApps":{"runAfter":{"SPRequestID":["Succeeded"]},"type":"InitializeVariable","inputs":{"variables":[{"name":"Update from PowerApps","type":"string","value":"@{triggerBody()['Initializevariable_Value']}"}]}},"Update_item":{"runAfter":{"Update_CallNotes":["Succeeded"]},"type":"OpenApiConnection","inputs":{"host":{"apiId":"/providers/Microsoft.PowerApps/apis/shared_sharepointonline","connectionName":"shared_sharepointonline","operationId":"PatchItem"},"parameters":{"dataset":"@variables('SharePoint URL')","table":"@variables('SharePoint List ID')","id":"@variables('SPRequestID')","item":{"Title":"@outputs('Get_item')?['body/Title']","CallNotes":"@variables('CallNotes')"}},"authentication":{"value":"@json(decodeBase64(triggerOutputs().headers['X-MS-APIM-Tokens']))['$ConnectionKey']","type":"Raw"}}},"Condition":{"actions":{"Post_a_reply_to_a_message_(V2)":{"runAfter":{},"type":"OpenApiConnection","inputs":{"host":{"apiId":"/providers/Microsoft.PowerApps/apis/shared_teams","connectionName":"shared_teams","operationId":"PostReplyToMessageV2"},"parameters":{"groupId":"@variables('Teams ID')","channelId":"@variables('Channel ID')","messageId":"@outputs('Update_item')?['body/AdaptiveCardID']","body/body/content":"<p><strong>Update from requestor: </strong>@{variables('Update from PowerApps')}</p>"},"authentication":{"value":"@json(decodeBase64(triggerOutputs().headers['X-MS-APIM-Tokens']))['$ConnectionKey']","type":"Raw"}}}},"runAfter":{"Compose_Adaptive_Card_ID":["Succeeded"]},"else":{"actions":{"Post_a_message_(V3)":{"runAfter":{},"type":"OpenApiConnection","inputs":{"host":{"apiId":"/providers/Microsoft.PowerApps/apis/shared_teams","connectionName":"shared_teams","operationId":"PostMessageToChannelV3"},"parameters":{"groupId":"@variables('Teams ID')","channelId":"@variables('Channel ID')","body/body/content":"<p>Update to request from @{outputs('Get_item')?['body/Author/DisplayName']} at @{formatDateTime(outputs('Get_item')?['body/RequestTime'],'HH:mm')}.<br>\n@{variables('Update from PowerApps')}</p>"},"authentication":{"value":"@json(decodeBase64(triggerOutputs().headers['X-MS-APIM-Tokens']))['$ConnectionKey']","type":"Raw"}}}}},"expression":{"not":{"equals":["@outputs('Get_item')?['body/AdaptiveCardID']",null]}},"type":"If"},"Compose_Adaptive_Card_ID":{"runAfter":{"Update_item":["Succeeded"]},"type":"Compose","inputs":"@outputs('Update_item')?['body/AdaptiveCardID']"}}},"connectionReferences":{"shared_sharepointonline":{"connectionName":"3d3fe2945cca420c862bc31b4438ed35","source":"Invoker","id":"/providers/Microsoft.PowerApps/apis/shared_sharepointonline","tier":"NotSpecified"},"shared_teams":{"connectionName":"8048614427624ef9b5db30276c2e26e8","source":"Invoker","id":"/providers/Microsoft.PowerApps/apis/shared_teams","tier":"NotSpecified"}},"flowFailureAlertSubscribed":false}}