{"name":"ff222aae-7383-4d42-bc11-fb65cd7a6739","id":"/providers/Microsoft.Flow/flows/ff222aae-7383-4d42-bc11-fb65cd7a6739","type":"Microsoft.Flow/flows","properties":{"apiId":"/providers/Microsoft.PowerApps/apis/shared_logicflows","displayName":"Get Support Flow","definition":{"metadata":{"workflowEntityId":null,"flowclientsuspensionreason":"None","flowclientsuspensiontime":null,"creator":{"id":"b6dea018-1064-47c6-8675-d78e6d6e1f99","type":"User","tenantId":"f1fea39c-7316-4371-90d9-223bf6f8551a"},"provisioningMethod":"FromDefinition","failureAlertSubscription":true,"clientLastModifiedTime":"2021-01-31T21:02:10.0255674Z"},"$schema":"https://schema.management.azure.com/providers/Microsoft.Logic/schemas/2016-06-01/workflowdefinition.json#","contentVersion":"1.0.0.0","parameters":{"$connections":{"defaultValue":{},"type":"Object"},"$authentication":{"defaultValue":{},"type":"SecureObject"}},"triggers":{"manual":{"type":"Request","kind":"PowerApp","inputs":{"schema":{"type":"object","properties":{"Createitem_RequestTime":{"type":"string","format":"date-time","x-ms-powerflows-param-ispartial":false},"Createitem_Category":{"type":"string","x-ms-powerflows-param-ispartial":false},"Createitem_Initiator":{"type":"string","x-ms-powerflows-param-ispartial":false}},"required":["Createitem_RequestTime","Createitem_Category","Createitem_Initiator"]}}}},"actions":{"Create_item":{"runAfter":{"Adaptive_Card_Text":["Succeeded"]},"type":"OpenApiConnection","inputs":{"host":{"apiId":"/providers/Microsoft.PowerApps/apis/shared_sharepointonline","connectionName":"shared_sharepointonline_1","operationId":"PostItem"},"parameters":{"dataset":"@variables('SharePoint URL')","table":"@variables('SharePoint List ID')","item":{"Title":"Support Request","Category":"@{triggerBody()['Createitem_Category']}","Status":"Requested","RequestTime":"@{triggerBody()['Createitem_RequestTime']}","initiator":"@{triggerBody()['Createitem_Initiator']}"}},"authentication":{"value":"@json(decodeBase64(triggerOutputs().headers['X-MS-APIM-Tokens']))['$ConnectionKey']","type":"Raw"}}},"Do_until":{"actions":{"Condition_2":{"actions":{"Delay":{"runAfter":{"Post_reminder_message":["Succeeded"]},"type":"Wait","inputs":{"interval":{"count":"@variables('Reminder time in seconds')","unit":"Second"}}},"Increment_variable":{"runAfter":{"Delay":["Succeeded"]},"type":"IncrementVariable","inputs":{"name":"Loop Count","value":1}},"Post_reminder_message":{"actions":{"Post_a_message_(V3)":{"runAfter":{},"type":"OpenApiConnection","inputs":{"host":{"apiId":"/providers/Microsoft.PowerApps/apis/shared_teams","connectionName":"shared_teams","operationId":"PostMessageToChannelV3"},"parameters":{"groupId":"@variables('Teams ID')","channelId":"@variables('Channel ID')","body/body/content":"<p>There is a @{outputs('Create_item')?['body/Category']} request waiting from @{outputs('Create_item')?['body/Author/DisplayName']} sent at @{formatDateTime(outputs('Create_item')?['body/RequestTime'],'HH:mm')}.<br>\nThis is reminder number @{variables('Loop Count')}</p>"},"authentication":{"value":"@json(decodeBase64(triggerOutputs().headers['X-MS-APIM-Tokens']))['$ConnectionKey']","type":"Raw"}}}},"runAfter":{},"else":{"actions":{"Post_a_reply_to_a_message_(V2)_2":{"runAfter":{},"type":"OpenApiConnection","inputs":{"host":{"apiId":"/providers/Microsoft.PowerApps/apis/shared_teams","connectionName":"shared_teams","operationId":"PostReplyToMessageV2"},"parameters":{"groupId":"@variables('Teams ID')","channelId":"@variables('Channel ID')","messageId":"@variables('Message ID')","body/body/content":"There is a @{outputs('Create_item')?['body/Category']} request waiting from @{outputs('Create_item')?['body/Author/DisplayName']} sent at @{formatDateTime(outputs('Create_item')?['body/RequestTime'],'HH:mm')}.\nThis is reminder number @{variables('Loop Count')}"},"authentication":{"value":"@json(decodeBase64(triggerOutputs().headers['X-MS-APIM-Tokens']))['$ConnectionKey']","type":"Raw"}}}}},"expression":{"equals":["@variables('Message ID')","0"]},"type":"If"}},"runAfter":{},"expression":{"equals":["@variables('Answered')",false]},"type":"If"}},"runAfter":{"Delay_for_initial_repeat":["Succeeded"]},"expression":"@greater(variables('Loop Count'), variables('Maximum reminders'))","limit":{"count":60,"timeout":"PT1H"},"type":"Until"},"Initialize_variable_attempt":{"runAfter":{"Answered":["Succeeded"]},"type":"InitializeVariable","inputs":{"variables":[{"name":"Loop Count","type":"integer","value":1}]}},"Post_an_Adaptive_Card_to_a_Teams_channel_and_wait_for_a_response":{"runAfter":{"Set_Adaptive_Card_Text":["Succeeded"]},"type":"OpenApiConnectionWebhook","inputs":{"host":{"apiId":"/providers/Microsoft.PowerApps/apis/shared_teams","connectionName":"shared_teams","operationId":"SubscribeChannelFlowContinuation"},"parameters":{"groupId":"@variables('Teams ID')","ChannelFlowContinuationSubscriptionRequest/body/recipient/channelId":"@variables('Channel ID')","ChannelFlowContinuationSubscriptionRequest/body/messageBody":"{\"$schema\":\"http://adaptivecards.io/schemas/adaptive-card.json\",\"type\":\"AdaptiveCard\",\"version\":\"1.2\",\"body\":[{\"text\":\"Urgent {$root.Category} Support Request\",\"type\":\"TextBlock\",\"color\":\"Attention\",\"weight\":\"Bolder\",\"size\":\"Large\"},{\"facts\":[{\"title\":\"Requestor\",\"value\":\"{$root.Requestor}\"}],\"type\":\"FactSet\"},{\"type\":\"ActionSet\",\"actions\":[{\"title\":\"I can attend\",\"type\":\"Action.Submit\"}]},{\n            \"type\": \"TextBlock\",\n            \"text\": \"@{variables('Message GUID')}\",\n            \"wrap\": true,\n            \"isVisible\": false\n        }],\"-ms-tokens\":{\"Requestor\":\"@{outputs('Create_item')?['body/Author/Email']}\",\"Category\":\"@{outputs('Create_item')?['body/Category']}\"}}","ChannelFlowContinuationSubscriptionRequest/body/updateMessage":"This message has been actioned.","ChannelFlowContinuationSubscriptionRequest/body/shouldUpdateCard":true},"authentication":{"value":"@json(decodeBase64(triggerOutputs().headers['X-MS-APIM-Tokens']))['$ConnectionKey']","type":"Raw"}}},"Email_of_responder":{"runAfter":{"Post_an_Adaptive_Card_to_a_Teams_channel_and_wait_for_a_response":["Succeeded"]},"type":"Compose","inputs":"@outputs('Post_an_Adaptive_Card_to_a_Teams_channel_and_wait_for_a_response')?['body/responder/email']"},"Update_item":{"runAfter":{"Stop_reminders":["Succeeded"]},"type":"OpenApiConnection","inputs":{"host":{"apiId":"/providers/Microsoft.PowerApps/apis/shared_sharepointonline","connectionName":"shared_sharepointonline_1","operationId":"PatchItem"},"parameters":{"dataset":"@variables('SharePoint URL')","table":"@variables('SharePoint List ID')","id":"@outputs('Create_item')?['body/ID']","item":{"Title":"Support Request","Status":"Accepted","AcceptedTime":"@{outputs('Post_an_Adaptive_Card_to_a_Teams_channel_and_wait_for_a_response')?['body/responseTime']}","ResponderID":"@{outputs('Email_of_responder')}"}},"authentication":{"value":"@json(decodeBase64(triggerOutputs().headers['X-MS-APIM-Tokens']))['$ConnectionKey']","type":"Raw"}}},"Reminder_time_in_seconds":{"runAfter":{},"type":"InitializeVariable","inputs":{"variables":[{"name":"Reminder time in seconds","type":"integer","value":10}]}},"Maximum_reminders":{"runAfter":{"Reminder_time_in_seconds":["Succeeded"]},"type":"InitializeVariable","inputs":{"variables":[{"name":"Maximum reminders","type":"integer","value":3}]}},"Stop_reminders":{"runAfter":{"Set_variable":["Succeeded"]},"type":"SetVariable","inputs":{"name":"Loop Count","value":"@add(variables('Maximum reminders'),1)"}},"Answered":{"runAfter":{"Maximum_reminders":["Succeeded"]},"type":"InitializeVariable","inputs":{"variables":[{"name":"Answered","type":"boolean","value":false}]}},"Set_variable":{"runAfter":{"Email_of_responder":["Succeeded"]},"type":"SetVariable","inputs":{"name":"Answered","value":true}},"Condition":{"actions":{"Update_item_2":{"runAfter":{},"type":"OpenApiConnection","inputs":{"host":{"apiId":"/providers/Microsoft.PowerApps/apis/shared_sharepointonline","connectionName":"shared_sharepointonline_1","operationId":"PatchItem"},"parameters":{"dataset":"@variables('SharePoint URL')","table":"@variables('SharePoint List ID')","id":"@outputs('Create_item')?['body/ID']","item":{"Title":"Support Request","Status":"Unanswered"}},"authentication":{"value":"@json(decodeBase64(triggerOutputs().headers['X-MS-APIM-Tokens']))['$ConnectionKey']","type":"Raw"}}},"Terminate":{"runAfter":{"Post_unanswered_message":["Succeeded"]},"type":"Terminate","inputs":{"runStatus":"Succeeded"}},"Post_a_message_as_the_Flow_bot_to_the_Initiator_(unanswered)":{"runAfter":{"Update_item_2":["Succeeded"]},"type":"OpenApiConnection","inputs":{"host":{"apiId":"/providers/Microsoft.PowerApps/apis/shared_teams","connectionName":"shared_teams","operationId":"PostUserNotification"},"parameters":{"PostNotificationRequest/recipient/to":"@{outputs('Update_item_2')?['body/Author/Email']};","PostNotificationRequest/messageBody":"<at>@{outputs('Update_item_2')?['body/Author/Email']}</at> if you still need assistance please make another request. ","PostNotificationRequest/messageTitle":"Your request has gone unanswered."},"authentication":{"value":"@json(decodeBase64(triggerOutputs().headers['X-MS-APIM-Tokens']))['$ConnectionKey']","type":"Raw"}}},"Post_unanswered_message":{"actions":{"Post_a_message_(V3)_2":{"runAfter":{},"type":"OpenApiConnection","inputs":{"host":{"apiId":"/providers/Microsoft.PowerApps/apis/shared_teams","connectionName":"shared_teams","operationId":"PostMessageToChannelV3"},"parameters":{"groupId":"@variables('Teams ID')","channelId":"@variables('Channel ID')","body/body/content":"<b>@{outputs('Update_item_2')?['body/Author/DisplayName']}'s @{outputs('Create_item')?['body/Category']} request went: </b> <span style=\"color:red;\"><b> Unanswered!</b></span><br/>They will recieve an automated message informing them. They will submit another request if they still require assistance.\n<p><i>The button above for this request will no longer work.</i></p>"},"authentication":{"value":"@json(decodeBase64(triggerOutputs().headers['X-MS-APIM-Tokens']))['$ConnectionKey']","type":"Raw"}}}},"runAfter":{"Post_a_message_as_the_Flow_bot_to_the_Initiator_(unanswered)":["Succeeded"]},"else":{"actions":{"Post_a_reply_to_a_message_(V2)_3":{"runAfter":{},"type":"OpenApiConnection","inputs":{"host":{"apiId":"/providers/Microsoft.PowerApps/apis/shared_teams","connectionName":"shared_teams","operationId":"PostReplyToMessageV2"},"parameters":{"groupId":"@variables('Teams ID')","channelId":"@variables('Channel ID')","messageId":"@variables('Message ID')","body/body/content":"<b>@{outputs('Update_item_2')?['body/Author/DisplayName']}'s @{outputs('Create_item')?['body/Category']} request went: </b> <span style=\"color:red;\"><b> Unanswered!</b></span><br/>They will recieve an automated message informing them. They will submit another request if they still require assistance.\n<p><i>The button above for this request will no longer work.</i></p>"},"authentication":{"value":"@json(decodeBase64(triggerOutputs().headers['X-MS-APIM-Tokens']))['$ConnectionKey']","type":"Raw"}}}}},"expression":{"equals":["@variables('Message ID')","0"]},"type":"If"}},"runAfter":{"Do_until":["Succeeded"]},"expression":{"equals":["@variables('Answered')",false]},"type":"If"},"Post_a_message_as_the_Flow_bot_to_the_Initiator":{"runAfter":{"Update_item":["Succeeded"]},"type":"OpenApiConnection","inputs":{"host":{"apiId":"/providers/Microsoft.PowerApps/apis/shared_teams","connectionName":"shared_teams","operationId":"PostUserNotification"},"parameters":{"PostNotificationRequest/recipient/to":"@{outputs('Update_item')?['body/Author/Email']};","PostNotificationRequest/messageBody":"<at>@{outputs('Update_item')?['body/Author/Email']}</at>, <at>@{outputs('Email_of_responder')}</at> will be in contact as soon as possible.","PostNotificationRequest/messageTitle":"Your assigned lead!"},"authentication":{"value":"@json(decodeBase64(triggerOutputs().headers['X-MS-APIM-Tokens']))['$ConnectionKey']","type":"Raw"}}},"Get_user_profile_(V2)":{"runAfter":{"Post_a_message_as_the_Flow_bot_to_the_Initiator":["Succeeded"]},"type":"OpenApiConnection","inputs":{"host":{"apiId":"/providers/Microsoft.PowerApps/apis/shared_office365users","connectionName":"shared_office365users","operationId":"UserProfile_V2"},"parameters":{"id":"@outputs('Email_of_responder')"},"authentication":{"value":"@json(decodeBase64(triggerOutputs().headers['X-MS-APIM-Tokens']))['$ConnectionKey']","type":"Raw"}}},"Teams_ID":{"runAfter":{"Initialize_variable_attempt":["Succeeded"]},"type":"InitializeVariable","inputs":{"variables":[{"name":"Teams ID","type":"string","value":"08e54305-a0c7-4fb8-bd25-e1ba2907c5ae"}]}},"Channel_ID":{"runAfter":{"Teams_ID":["Succeeded"]},"type":"InitializeVariable","inputs":{"variables":[{"name":"Channel ID","type":"string","value":"19%3a0f9e2cf93a2042e494c0872fdad80b18%40thread.tacv2"}]}},"SharePoint_URL":{"runAfter":{"Channel_ID":["Succeeded"]},"type":"InitializeVariable","inputs":{"variables":[{"name":"SharePoint URL","type":"string","value":"https://m365x145222.sharepoint.com/sites/GetSupportApp"}]}},"SharePoint_List_ID":{"runAfter":{"SharePoint_URL":["Succeeded"]},"type":"InitializeVariable","inputs":{"variables":[{"name":"SharePoint List ID","type":"string","value":"1c50fc9d-424d-4795-b230-23acd298f37d"}]}},"Get_@mention_token_for_a_user":{"runAfter":{"Get_user_profile_(V2)":["Succeeded"]},"type":"OpenApiConnection","inputs":{"host":{"apiId":"/providers/Microsoft.PowerApps/apis/shared_teams","connectionName":"shared_teams","operationId":"AtMentionUser"},"parameters":{"userId":"@outputs('Get_user_profile_(V2)')?['body/mail']"},"authentication":{"value":"@json(decodeBase64(triggerOutputs().headers['X-MS-APIM-Tokens']))['$ConnectionKey']","type":"Raw"}}},"Get_messages":{"runAfter":{"Delay_for_1_second":["Succeeded"]},"type":"OpenApiConnection","inputs":{"host":{"apiId":"/providers/Microsoft.PowerApps/apis/shared_teams","connectionName":"shared_teams","operationId":"GetMessagesFromChannel"},"parameters":{"groupId":"@variables('Teams ID')","channelId":"@variables('Channel ID')"},"authentication":{"value":"@json(decodeBase64(triggerOutputs().headers['X-MS-APIM-Tokens']))['$ConnectionKey']","type":"Raw"}}},"Apply_to_each":{"foreach":"@outputs('Get_messages')?['body/value']","actions":{"Apply_to_each_2":{"foreach":"@body('Parse_attachment_JSON')","actions":{"Test_for_GUID":{"actions":{"Update_Message_ID":{"runAfter":{},"type":"SetVariable","inputs":{"name":"Message ID","value":"@items('Apply_to_each')?['id']"}},"Update_Adaptive_Card_ID":{"runAfter":{"Update_Message_ID":["Succeeded"]},"type":"OpenApiConnection","inputs":{"host":{"apiId":"/providers/Microsoft.PowerApps/apis/shared_sharepointonline","connectionName":"shared_sharepointonline_1","operationId":"PatchItem"},"parameters":{"dataset":"@variables('SharePoint URL')","table":"@variables('SharePoint List ID')","id":"@outputs('Create_item')?['body/ID']","item":{"Title":"Support Request","AdaptiveCardID":"@{variables('Message ID')}"}},"authentication":{"value":"@json(decodeBase64(triggerOutputs().headers['X-MS-APIM-Tokens']))['$ConnectionKey']","type":"Raw"}}}},"runAfter":{},"expression":{"contains":["@items('Apply_to_each_2')['content']","@variables('Message GUID')"]},"type":"If"}},"runAfter":{"Parse_attachment_JSON":["Succeeded"]},"type":"Foreach"},"Parse_attachment_JSON":{"runAfter":{},"type":"ParseJson","inputs":{"content":"@items('Apply_to_each')?['attachments']","schema":{"type":"array","items":{"type":"object","properties":{"id":{"type":"string"},"contentType":{"type":"string"},"content":{"type":"string"}},"required":["id","contentType","content"]}}}}},"runAfter":{"Get_messages":["Succeeded"]},"type":"Foreach"},"Delay_for_1_second":{"runAfter":{"Respond_to_a_PowerApp_or_flow":["Succeeded"]},"type":"Wait","inputs":{"interval":{"count":1,"unit":"Second"}}},"Initialize_Message_GUID":{"runAfter":{"SharePoint_List_ID":["Succeeded"]},"type":"InitializeVariable","inputs":{"variables":[{"name":"Message GUID","type":"string","value":"@{guid()}"}]}},"Initialize_Message_ID":{"runAfter":{"Initialize_Message_GUID":["Succeeded"]},"type":"InitializeVariable","inputs":{"variables":[{"name":"Message ID","type":"string","value":"0"}]}},"Delay_for_initial_repeat":{"runAfter":{"Respond_to_a_PowerApp_or_flow":["Succeeded"]},"type":"Wait","inputs":{"interval":{"count":"@variables('Reminder time in seconds')","unit":"Second"}}},"Reply_to_original_message":{"actions":{"Post_a_message_as_the_Flow_bot_to_a_channel_confirming_actioned":{"runAfter":{},"type":"OpenApiConnection","inputs":{"host":{"apiId":"/providers/Microsoft.PowerApps/apis/shared_teams","connectionName":"shared_teams","operationId":"PostChannelNotification"},"parameters":{"groupId":"@variables('Teams ID')","PostNotificationRequest/recipient/channelId":"@variables('Channel ID')","PostNotificationRequest/messageBody":"The @{outputs('Create_item')?['body/Category']} request from @{outputs('Update_item')?['body/Author/DisplayName']} was: <p> <span style=\"color:green;\"><b>Actioned</b></span> by @{outputs('Get_@mention_token_for_a_user')?['body/atMention']} at @{formatDateTime(outputs('Update_item')?['body/AcceptedTime'],'HH:mm')}.</p>\n\n<p><b><h2><br /><a href=\"https://teams.microsoft.com/l/chat/0/0?users=@{outputs('Update_item')?['body/Author/Email']}\" > 💬 Start Chat Session</a></h2></b></p>\n"},"authentication":{"value":"@json(decodeBase64(triggerOutputs().headers['X-MS-APIM-Tokens']))['$ConnectionKey']","type":"Raw"}}}},"runAfter":{"Get_@mention_token_for_a_user":["Succeeded"]},"else":{"actions":{"Post_a_reply_to_a_message_(V2)":{"runAfter":{},"type":"OpenApiConnection","inputs":{"host":{"apiId":"/providers/Microsoft.PowerApps/apis/shared_teams","connectionName":"shared_teams","operationId":"PostReplyToMessageV2"},"parameters":{"groupId":"@variables('Teams ID')","channelId":"@variables('Channel ID')","messageId":"@variables('Message ID')","body/body/content":"The @{outputs('Create_item')?['body/Category']} request from @{outputs('Update_item')?['body/Author/DisplayName']} was: <p> <span style=\"color:green;\"><b>Actioned</b></span> by @{outputs('Get_@mention_token_for_a_user')?['body/atMention']} at @{formatDateTime(outputs('Update_item')?['body/AcceptedTime'],'HH:mm')}.</p>\n\n<p><b><h2><br /><a href=\"https://teams.microsoft.com/l/chat/0/0?users=@{outputs('Update_item')?['body/Author/Email']}\" > 💬 Start Chat Session</a></h2></b></p>\n"},"authentication":{"value":"@json(decodeBase64(triggerOutputs().headers['X-MS-APIM-Tokens']))['$ConnectionKey']","type":"Raw"}}}}},"expression":{"equals":["@variables('Message ID')","0"]},"type":"If"},"Respond_to_a_PowerApp_or_flow":{"runAfter":{"Compose":["Succeeded"]},"type":"Response","kind":"PowerApp","inputs":{"statusCode":200,"body":{"sprequestid":"@{outputs('Compose')}"},"schema":{"type":"object","properties":{"sprequestid":{"title":"SPRequestID","x-ms-dynamically-added":true,"type":"string"}}}}},"Compose":{"runAfter":{"Create_item":["Succeeded"]},"type":"Compose","inputs":"@outputs('Create_item')?['body/ID']"},"Adaptive_Card_Text":{"runAfter":{"Initialize_Message_ID":["Succeeded"]},"type":"InitializeVariable","inputs":{"variables":[{"name":"Adaptive Card Text","type":"string"}]}},"Set_Adaptive_Card_Text":{"runAfter":{"Respond_to_a_PowerApp_or_flow":["Succeeded"]},"type":"SetVariable","inputs":{"name":"Adaptive Card Text","value":"{\"$schema\":\"http://adaptivecards.io/schemas/adaptive-card.json\",\"type\":\"AdaptiveCard\",\"version\":\"1.2\",\"body\":[{\"text\":\"Urgent {$root.Category} Support Request\",\"type\":\"TextBlock\",\"color\":\"Attention\",\"weight\":\"Bolder\",\"size\":\"Large\"},{\"facts\":[{\"title\":\"Requestor\",\"value\":\"{$root.Requestor}\"}],\"type\":\"FactSet\"},{\"type\":\"ActionSet\",\"actions\":[{\"title\":\"I can attend\",\"type\":\"Action.Submit\"}]},{\n            \"type\": \"TextBlock\",\n            \"text\": \"@{variables('Message GUID')}\",\n            \"wrap\": true,\n            \"isVisible\": false\n        }],\"-ms-tokens\":{\"Requestor\":\"@{outputs('Create_item')?['body/Author/Email']}\",\"Category\":\"@{outputs('Create_item')?['body/Category']}\"}}"}}},"outputs":{}},"connectionReferences":{"shared_sharepointonline_1":{"connectionName":"3d3fe2945cca420c862bc31b4438ed35","source":"Invoker","id":"/providers/Microsoft.PowerApps/apis/shared_sharepointonline","tier":"NotSpecified"},"shared_teams":{"connectionName":"8048614427624ef9b5db30276c2e26e8","source":"Invoker","id":"/providers/Microsoft.PowerApps/apis/shared_teams","tier":"NotSpecified"},"shared_office365users":{"connectionName":"3db234b758434c2f9c35877650396df1","source":"Invoker","id":"/providers/Microsoft.PowerApps/apis/shared_office365users","tier":"NotSpecified"}},"flowFailureAlertSubscribed":false}}